UID,UName
1,ccunningham0
2,jtucker1
3,dray2
4,rbowman3
5,jmeyer4
6,anelson5
7,sweaver6
8,jaustin7
9,rvasquez8
10,cruiz9
11,radamsa
12,mhughesb
13,rhawkinsc
14,imillsd
15,jgonzaleze
16,brobertsonf
17,gcoleg
18,rsimpsonh
19,trichardsi
20,sknightj
21,druizk
22,acastillol
23,vkellym
24,tfieldsn
25,wmyerso
26,rhartp
27,kelliottq
28,jcookr
29,cmcdonalds
30,jelliottt
31,hstewartu
32,pgriffinv
33,bdayw
34,jgarzax
35,creyesy
36,blopezz
37,wfranklin10
38,ereyes11
39,kdixon12
40,jgonzales13
41,bfoster14
42,hgutierrez15
43,ahernandez16
44,eowens17
45,lellis18
46,eharvey19
47,amoore1a
48,rjacobs1b
49,gross1c
50,afox1d
51,swheeler1e
52,rkennedy1f
53,sramirez1g
54,tstone1h
55,mkim1i
56,alarson1j
57,cgonzales1k
58,rthompson1l
59,dwalker1m
60,wallen1n
61,jwilliamson1o
62,jperez1p
63,rphillips1q
64,jwashington1r
65,jbrooks1s
66,kperry1t
67,cscott1u
68,pparker1v
69,wfox1w
70,mbrown1x
71,cwillis1y
72,lperez1z
73,tthomas20
74,vsullivan21
75,jpierce22
76,rvasquez23
77,jlane24
78,trice25
79,sburton26
80,krobertson27
81,nfox28
82,jcunningham29
83,jramos2a
84,cchavez2b
85,jstanley2c
86,sfernandez2d
87,kmedina2e
88,panderson2f
89,dsanchez2g
90,jprice2h
91,hmills2i
92,rgordon2j
93,bschmidt2k
94,ljames2l
95,dking2m
96,wgutierrez2n
97,ccarr2o
98,mward2p
99,krivera2q
100,dtaylor2r
101,wkim2s
102,rhenderson2t
103,mjenkins2u
104,lpowell2v
105,smason2w
106,jstephens2x
107,jphillips2y
108,jhall2z
109,mmitchell30
110,dbrown31
111,ralvarez32
112,kpayne33
113,lporter34
114,areyes35
115,esullivan36
116,phicks37
117,ahudson38
118,dbell39
119,jadams3a
120,jgardner3b
121,bshaw3c
122,acole3d
123,kmorris3e
124,cmyers3f
125,dreed3g
126,mgutierrez3h
127,cspencer3i
128,mvasquez3j
129,dhamilton3k
130,jpierce3l
131,wstephens3m
132,wmoore3n
133,pclark3o
134,pramirez3p
135,wcook3q
136,tarnold3r
137,snguyen3s
138,mwarren3t
139,jday3u
140,ejenkins3v
141,jmorales3w
142,nchavez3x
143,mgarcia3y
144,wfoster3z
145,rward40
146,pday41
147,kgarcia42
148,mpatterson43
149,aphillips44
150,shamilton45
151,twilson46
152,treed47
153,twheeler48
154,lpalmer49
155,gdunn4a
156,rbrown4b
157,sgonzalez4c
158,sporter4d
159,jjames4e
160,ecruz4f
161,khudson4g
162,gcampbell4h
163,jsims4i
164,cgrant4j
165,lfields4k
166,mtucker4l
167,nmorales4m
168,afuller4n
169,kdunn4o
170,mmontgomery4p
171,jperez4q
172,lpayne4r
173,bsnyder4s
174,bchavez4t
175,cpeters4u
176,emoreno4v
177,jharper4w
178,jadams4x
179,lgarrett4y
180,cwest4z
181,kfreeman50
182,pharrison51
183,cfox52
184,bhenry53
185,kpowell54
186,rcunningham55
187,jharper56
188,ataylor57
189,jwebb58
190,hjacobs59
191,aharris5a
192,srussell5b
193,krichards5c
194,bray5d
195,rperkins5e
196,jperez5f
197,jdiaz5g
198,sholmes5h
199,vjohnston5i
200,pbutler5j
201,mbarnes5k
202,vvasquez5l
203,breed5m
204,bcarroll5n
205,dmorris5o
206,hjohnston5p
207,bday5q
208,mhansen5r
209,rdavis5s
210,kblack5t
211,tmitchell5u
212,rrussell5v
213,jpierce5w
214,sperry5x
215,jrodriguez5y
216,rmeyer5z
217,agriffin60
218,ngeorge61
219,jalvarez62
220,kgeorge63
221,kphillips64
222,rmeyer65
223,kcox66
224,acox67
225,jwelch68
226,pelliott69
227,ksanchez6a
228,ebanks6b
229,rdunn6c
230,cferguson6d
231,dfrazier6e
232,tburke6f
233,astevens6g
234,kstephens6h
235,dmartinez6i
236,jlopez6j
237,gevans6k
238,jspencer6l
239,afisher6m
240,dhayes6n
241,vblack6o
242,rhanson6p
243,jstone6q
244,cgarcia6r
245,tharper6s
246,ljones6t
247,dallen6u
248,dkelley6v
249,broberts6w
250,ageorge6x
251,wparker6y
252,aporter6z
253,kdiaz70
254,aburke71
255,rkelly72
256,jfisher73
257,rtucker74
258,ascott75
259,mwillis76
260,mdunn77
261,wnguyen78
262,rbryant79
263,psims7a
264,pelliott7b
265,acunningham7c
266,sgrant7d
267,khawkins7e
268,wphillips7f
269,talexander7g
270,dmartin7h
271,pferguson7i
272,lwhite7j
273,lpeters7k
274,cbradley7l
275,mgilbert7m
276,jjames7n
277,jwalker7o
278,emoreno7p
279,gsnyder7q
280,jlopez7r
281,cruiz7s
282,mramirez7t
283,rrice7u
284,ewatson7v
285,agarrett7w
286,kharrison7x
287,srogers7y
288,jford7z
289,ddunn80
290,aarmstrong81
291,jhenry82
292,tarmstrong83
293,pbrown84
294,mgardner85
295,jburns86
296,estewart87
297,drussell88
298,rmason89
299,rromero8a
300,jhughes8b
301,bfisher8c
302,ccrawford8d
303,scole8e
304,mstanley8f
305,atorres8g
306,ehall8h
307,bhunter8i
308,sclark8j
309,phenderson8k
310,ebanks8l
311,treyes8m
312,hweaver8n
313,nbowman8o
314,akelly8p
315,dblack8q
316,ehart8r
317,mhudson8s
318,tfuller8t
319,ddean8u
320,jmoreno8v
321,ldavis8w
322,jrivera8x
323,jgreene8y
324,lhunt8z
325,sbryant90
326,freynolds91
327,rperez92
328,pwarren93
329,lschmidt94
330,melliott95
331,arogers96
332,medwards97
333,blong98
334,fadams99
335,jrussell9a
336,hburns9b
337,sross9c
338,sflores9d
339,jvasquez9e
340,jsimpson9f
341,vtucker9g
342,mmorales9h
343,skelly9i
344,gromero9j
345,jchavez9k
346,mcox9l
347,jroberts9m
348,fthompson9n
349,aschmidt9o
350,jroberts9p
351,rlee9q
352,rtorres9r
353,melliott9s
354,cwilson9t
355,alopez9u
356,nmorris9v
357,dwilliamson9w
358,rbanks9x
359,agonzalez9y
360,jbrown9z
361,wfowlera0
362,twelcha1
363,cmccoya2
364,hpetersona3
365,mlarsona4
366,ljacobsa5
367,aalvareza6
368,cnelsona7
369,nfieldsa8
370,scoxa9
371,dstewartaa
372,ascottab
373,jcarrollac
374,jperezad
375,kalexanderae
376,bwalkeraf
377,ecarrollag
378,devansah
379,adunnai
380,rkennedyaj
381,kaustinak
382,hriceal
383,whayesam
384,llawrencean
385,jrussellao
386,emoralesap
387,dalexanderaq
388,tdayar
389,bturneras
390,pperezat
391,cdixonau
392,pmatthewsav
393,bellisaw
394,kbradleyax
395,abryantay
396,paustinaz
397,phernandezb0
398,lbrooksb1
399,ddunnb2
400,smartinezb3
401,sgreeneb4
402,athomasb5
403,rgrahamb6
404,hfosterb7
405,pthomasb8
406,cowensb9
407,crileyba
408,sbaileybb
409,pmillsbc
410,dgrahambd
411,dboydbe
412,rwallacebf
413,nmartinbg
414,ereynoldsbh
415,ddeanbi
416,cadamsbj
417,jkelleybk
418,hrobinsonbl
419,clopezbm
420,jhunterbn
421,pkennedybo
422,fstewartbp
423,ndeanbq
424,ahayesbr
425,adaybs
426,sjamesbt
427,rlittlebu
428,bcarterbv
429,jcrawfordbw
430,awashingtonbx
431,rharperby
432,hfordbz
433,wbrownc0
434,ajacksonc1
435,hhayesc2
436,smccoyc3
437,rscottc4
438,hcolec5
439,rwagnerc6
440,jdixonc7
441,vhicksc8
442,sbarnesc9
443,gwebbca
444,bwilsoncb
445,dfullercc
446,hrussellcd
447,pwebbce
448,jjenkinscf
449,chowellcg
450,cturnerch
451,wlarsonci
452,jperrycj
453,jperryck
454,djonescl
455,bfoxcm
456,pchavezcn
457,mgutierrezco
458,kelliottcp
459,jbaileycq
460,dalexandercr
461,bwestcs
462,jharrisct
463,tcolemancu
464,slarsoncv
465,kalvarezcw
466,jmartincx
467,pandrewscy
468,jwardcz
469,dwrightd0
470,ggilbertd1
471,rtorresd2
472,bchavezd3
473,inguyend4
474,sjonesd5
475,tlongd6
476,jlopezd7
477,cyoungd8
478,rfernandezd9
479,amatthewsda
480,lcarpenterdb
481,rscottdc
482,wgrantdd
483,ccastillode
484,klewisdf
485,mhunterdg
486,rlynchdh
487,cmyersdi
488,efullerdj
489,pschmidtdk
490,pbanksdl
491,golsondm
492,pjordandn
493,jpetersdo
494,kwilsondp
495,jfreemandq
496,amendozadr
497,vhansends
498,tthompsondt
499,jalvarezdu
500,kjonesdv
501,rchapmandw
502,jmurraydx
503,smurphydy
504,mpiercedz
505,eforde0
506,sweavere1
507,preyese2
508,hwatkinse3
509,adunne4
510,mchapmane5
511,pmitchelle6
512,jwalkere7
513,ecooke8
514,asimpsone9
515,eallenea
516,jshaweb
517,jarnoldec
518,jnicholsed
519,sramirezee
520,breidef
521,jdaviseg
522,krobinsoneh
523,cmccoyei
524,aharrisonej
525,dbishopek
526,rrogersel
527,jjonesem
528,fmcdonalden
529,twardeo
530,agarzaep
531,fkelleyeq
532,cgardnerer
533,pbaileyes
534,jsullivanet
535,kmasoneu
536,rmontgomeryev
537,phunterew
538,mmontgomeryex
539,madamsey
540,cbarnesez
541,rperezf0
542,nwrightf1
543,mgutierrezf2
544,pbanksf3
545,rhartf4
546,eblackf5
547,rbutlerf6
548,rgonzalezf7
549,cwrightf8
550,rrobinsonf9
551,fcarterfa
552,kkennedyfb
553,nhansenfc
554,jfreemanfd
555,ihendersonfe
556,mperezff
557,lhuntfg
558,nburkefh
559,jharveyfi
560,cmorenofj
561,jjordanfk
562,rstephensfl
563,wcolefm
564,jberryfn
565,jrileyfo
566,jfrazierfp
567,fharveyfq
568,bfrazierfr
569,jbradleyfs
570,rbryantft
571,lhunterfu
572,cdixonfv
573,ehowardfw
574,smoralesfx
575,pmccoyfy
576,jrogersfz
577,mreyesg0
578,lgordong1
579,mgibsong2
580,gmoralesg3
581,dmartinezg4
582,llawsong5
583,lstewartg6
584,epetersong7
585,hbradleyg8
586,bjohnstong9
587,plawrencega
588,mbradleygb
589,harmstronggc
590,rwelchgd
591,jduncange
592,tpricegf
593,mwallacegg
594,jryangh
595,pwardgi
596,jlonggj
597,djohnsongk
598,drichardsgl
599,brogersgm
600,astanleygn
601,jmedinago
602,tmontgomerygp
603,gcarrollgq
604,emcdonaldgr
605,jpiercegs
606,scolemangt
607,rwalkergu
608,dellisgv
609,rlittlegw
610,breedgx
611,lgomezgy
612,bfloresgz
613,rallenh0
614,jnelsonh1
615,lmorenoh2
616,htorresh3
617,rclarkh4
618,jbarnesh5
619,ahenryh6
620,kwheelerh7
621,rwatkinsh8
622,tthompsonh9
623,fgrantha
624,rwashingtonhb
625,mhenryhc
626,ewhitehd
627,csmithhe
628,jwagnerhf
629,jrobinsonhg
630,mscotthh
631,cbryanthi
632,rjoneshj
633,awilsonhk
634,grichardsonhl
635,alarsonhm
636,larmstronghn
637,jdayho
638,pruizhp
639,kburtonhq
640,jstephenshr
641,ckinghs
642,phawkinsht
643,cwatkinshu
644,prosehv
645,tchavezhw
646,mcolemanhx
647,ebryanthy
648,ehunthz
649,arogersi0
650,edanielsi1
651,mboydi2
652,kboydi3
653,trobertsi4
654,dlittlei5
655,jthomasi6
656,jramosi7
657,dbryanti8
658,breidi9
659,sjohnstonia
660,ctorresib
661,jallenic
662,wfoxid
663,mwheelerie
664,klynchif
665,rmurrayig
666,crayih
667,aknightii
668,abarnesij
669,kjordanik
670,khernandezil
671,jchapmanim
672,lmartinin
673,jwatsonio
674,smarshallip
675,mknightiq
676,mwagnerir
677,jspenceris
678,scolemanit
679,bsmithiu
680,mburkeiv
681,isancheziw
682,mkellyix
683,awheeleriy
684,kbrooksiz
685,hnicholsj0
686,jbradleyj1
687,mwellsj2
688,tfoxj3
689,abennettj4
690,rhunterj5
691,dfullerj6
692,lcarterj7
693,nhallj8
694,jfergusonj9
695,hrobinsonja
696,wortizjb
697,wholmesjc
698,ldanielsjd
699,cgordonje
700,mdayjf
701,anguyenjg
702,mhuntjh
703,cwalkerji
704,rtorresjj
705,erileyjk
706,rbrooksjl
707,jhansonjm
708,dchapmanjn
709,tgomezjo
710,wmartinezjp
711,jlawrencejq
712,lfrazierjr
713,ecampbelljs
714,tmatthewsjt
715,rlawsonju
716,greyesjv
717,dwashingtonjw
718,rjohnsonjx
719,cmoorejy
720,hwestjz
721,kgreenk0
722,enelsonk1
723,pcollinsk2
724,rfoxk3
725,jellisk4
726,jgarzak5
727,jmyersk6
728,mdavisk7
729,twatsonk8
730,lgomezk9
731,mwrightka
732,rcastillokb
733,nbowmankc
734,dfloreskd
735,eperkinske
736,lharrisonkf
737,ltorreskg
738,lfieldskh
739,jhuntki
740,wfisherkj
741,mgrahamkk
742,mgarciakl
743,bjohnsonkm
744,wlewiskn
745,klawrenceko
746,sgreenekp
747,hholmeskq
748,dharperkr
749,thunterks
750,jlanekt
751,acastilloku
752,jcarpenterkv
753,fkingkw
754,jcampbellkx
755,awheelerky
756,tburtonkz
757,nrichardsonl0
758,pburtonl1
759,rmeyerl2
760,dmendozal3
761,jclarkl4
762,crodriguezl5
763,ajordanl6
764,djacobsl7
765,bmitchelll8
766,dhernandezl9
767,achapmanla
768,jcastillolb
769,ggibsonlc
770,gwashingtonld
771,kpricele
772,tgomezlf
773,rfosterlg
774,ccolelh
775,tboydli
776,cpeterslj
777,lhickslk
778,ksimsll
779,jjohnsonlm
780,bweaverln
781,ahudsonlo
782,mmasonlp
783,kgibsonlq
784,ahowelllr
785,breedls
786,mcolelt
787,apattersonlu
788,dbrownlv
789,aburtonlw
790,rboydlx
791,hperezly
792,jmoorelz
793,tmatthewsm0
794,eblackm1
795,cmillsm2
796,delliottm3
797,criveram4
798,hallenm5
799,kgutierrezm6
800,afieldsm7
801,rhudsonm8
802,pknightm9
803,wmccoyma
804,cbellmb
805,ggriffinmc
806,rwallacemd
807,rmendozame
808,agarrettmf
809,gsmithmg
810,ataylormh
811,bsandersmi
812,ssimsmj
813,rhansonmk
814,ssimpsonml
815,syoungmm
816,jtorresmn
817,mmurphymo
818,jstanleymp
819,phuntermq
820,adunnmr
821,etaylorms
822,rfloresmt
823,mwilsonmu
824,kreyesmv
825,lblackmw
826,aspencermx
827,jjamesmy
828,clanemz
829,twebbn0
830,krobertsonn1
831,pdunnn2
832,slewisn3
833,pjacobsn4
834,rwashingtonn5
835,bkelleyn6
836,jcunninghamn7
837,kallenn8
838,ashawn9
839,cparkerna
840,tcruznb
841,ljamesnc
842,ahenrynd
843,abradleyne
844,rdixonnf
845,lcarrng
846,jmccoynh
847,gmeyerni
848,nhallnj
849,jgarrettnk
850,awalkernl
851,hgreenenm
852,tallennn
853,wkimno
854,bstephensnp
855,jlawrencenq
856,emasonnr
857,ahansonns
858,jalexandernt
859,mjohnstonnu
860,jjohnstonnv
861,tmendozanw
862,dgibsonnx
863,prichardsonny
864,pjacobsnz
865,bmorrisono0
866,jruizo1
867,rfowlero2
868,dbutlero3
869,snelsono4
870,ihansono5
871,wwarreno6
872,wperryo7
873,dfergusono8
874,ahawkinso9
875,pwallaceoa
876,selliottob
877,rpetersoc
878,pbradleyod
879,kperkinsoe
880,jwhiteof
881,csanchezog
882,apalmeroh
883,mlongoi
884,khansenoj
885,triceok
886,stuckerol
887,rturnerom
888,radamson
889,abutleroo
890,jrichardsonop
891,jmilleroq
892,redwardsor
893,jlittleos
894,dchavezot
895,erichardsou
896,candersonov
897,probinsonow
898,djenkinsox
899,bpetersonoy
900,pshawoz
901,lrosep0
902,ladamsp1
903,ivasquezp2
904,mleep3
905,mberryp4
906,lcarterp5
907,ckelleyp6
908,lfernandezp7
909,ngarzap8
910,wmasonp9
911,tsnyderpa
912,gricepb
913,cbakerpc
914,cstonepd
915,ptaylorpe
916,ajacobspf
917,emitchellpg
918,lturnerph
919,pedwardspi
920,gsimspj
921,sruizpk
922,tberrypl
923,astevenspm
924,jpricepn
925,hyoungpo
926,lcolemanpp
927,idixonpq
928,gwelchpr
929,ahudsonps
930,jbowmanpt
931,welliottpu
932,dsanchezpv
933,jpeterspw
934,jstephenspx
935,dcampbellpy
936,rjohnstonpz
937,gwebbq0
938,mlongq1
939,rschmidtq2
940,hduncanq3
941,mellisq4
942,mmorrisonq5
943,pbradleyq6
944,rkelleyq7
945,fwarrenq8
946,bstewartq9
947,mleeqa
948,fmasonqb
949,rthomasqc
950,awilliamsonqd
951,csanchezqe
952,jevansqf
953,jkingqg
954,dbrownqh
955,jkellyqi
956,dbrownqj
957,bstoneqk
958,sbrownql
959,lbennettqm
960,pfloresqn
961,bcruzqo
962,tbaileyqp
963,mryanqq
964,cjamesqr
965,agomezqs
966,icolemanqt
967,tbryantqu
968,rmedinaqv
969,bcookqw
970,jcooperqx
971,bpalmerqy
972,rbarnesqz
973,knicholsr0
974,jlopezr1
975,chuntr2
976,jlaner3
977,dwardr4
978,kwatkinsr5
979,wgrantr6
980,hbryantr7
981,gperezr8
982,astewartr9
983,lschmidtra
984,mjacksonrb
985,gsimsrc
986,krossrd
987,doliverre
988,nhuntrf
989,wandersonrg
990,whendersonrh
991,kcarterri
992,cbradleyrj
993,hboydrk
994,mschmidtrl
995,ccruzrm
996,pfisherrn
997,gcookro
998,rdiazrp
999,dwoodrq
1000,lharrisrr
